"id","business","website","city_state","contact_method","reviews","page_reviewed","observed_issue","outreach_angle","date_contacted","follow_up_1","follow_up_2","reply","status","notes","","","","",""
"1","Brotherhood Roofing","https://brotherhoodroofing.com/services/hail-and-storm-damage/","North Texas / Dallas, TX","Website inspection form","Not captured","Hail and storm damage page","Has a dedicated storm page; CTA and trust-proof placement should be visually reviewed before outreach.","Offer a focused conversion audit for the existing hail/storm page to improve free inspection requests.","","","","","Not contacted","Source notes: page mentions free roof inspections after hail/storm damage.","","","","",""
"2","Proclaim Roofing Houston","https://proclaimroof.com/areas-we-serve/residential-roofing-houston/","Houston, TX","Website contact / call","Not captured","Houston residential roofing page","City service page covers free drone inspections and storm damage but may be broad rather than a tight storm-damage landing page.","Offer a dedicated Houston storm damage inspection landing page for paid/search traffic.","","","","","Not contacted","Source notes: page mentions residential roof replacement, storm damage repair, and free drone inspections.","","","","",""
"3","TSG Roofing","https://tsgroofing.com/roof-repairs-and-restoration/","Texas","Book appointment CTA","Not captured","Roof repairs and restoration page","Storm damage content exists but page may combine repairs, restoration, and insurance assistance.","Offer a single-purpose storm damage inspection page that separates inspection requests from general repair content.","","","","","Not contacted","Source notes: page mentions storm damage inspections, repairs, and insurance assistance.","","","","",""
"4","Veritas Roofing","https://www.veritasroofingtx.com/","Fort Worth / Round Rock / College Station, TX","Call (817) 455-0117 / website inspection CTA","Not captured","Homepage","Homepage has broad multi-location messaging; needs review for whether storm inspection gets a dedicated conversion path.","Offer a focused storm inspection landing page for Fort Worth or Round Rock homeowners.","","","","","Not contacted","Source notes: site advertises free inspection, quote, lifetime warranty, and insurance-claim support.","","","","",""
"5","EDP Roofing","https://edproofing.com/storm-damage-roof-repair-dallas/","Dallas, TX","Website contact / call","Not captured","Dallas storm damage roof repair page","Dedicated storm page exists; visual hierarchy and CTA repetition should be reviewed before outreach.","Offer conversion-focused cleanup for the Dallas storm damage page to turn traffic into inspection requests.","","","","","Not contacted","Source notes: page mentions free roof inspection for hail damage repair.","","","","",""
"6","Houston Roofing & Construction","https://houstonroofingonline.com/residential-roofing/free-roof-inspection/","Houston, TX","Website contact / call","Not captured","Free roof inspection page","Inspection page is relevant but may be framed as general inspection rather than storm-specific lead capture.","Offer a storm-damage version of the inspection page for severe-weather traffic.","","","","","Not contacted","Source notes: page mentions no-cost inspection, severe weather, hail, and high wind.","","","","",""
"7","Elevated Roofing","https://elevatedroofing.com/service-areas/fort-worth/","Fort Worth, TX","Website contact / inspection CTA","Not captured","Fort Worth service-area page","Service-area page includes free assessment but may not isolate storm damage or inspection traffic.","Offer a dedicated storm inspection landing page for Fort Worth homeowners.","","","","","Not contacted","Source notes: page mentions free no-obligation roof assessment and photo report.","","","","",""
"8","Arrington Roofing","https://arringtonroofing.com/blog/storm-damage-roof-repair-north-texas","Dallas / North Texas","Call (214) 698-8443 / website schedule CTA","BBB A+ / 300+ excellent reviews noted","Storm damage roof repair blog page","Storm offer appears on a blog-style page; may not be optimized as a standalone landing page.","Suggest turning storm damage content into a focused inspection landing page with reviews and CTA above the fold.","","","","","Not contacted","Source notes: page mentions free storm damage inspection, BBB A+, and 300+ excellent reviews.","","","","",""
"9","Firefighter Roofing","https://firefighterroofing.com/articles/roof-inspection-in-fort-worth-tx-what-to-expect-and-why-it-matters/","Fort Worth, TX","Website contact / inspection CTA","Not captured","Roof inspection article","Content is article-style; may not be a focused inspection request landing page.","Offer a conversion page built from their inspection content for storm-related searches.","","","","","Not contacted","Source notes: article mentions roof inspections after storm damage.","","","","",""
"10","Proper Roofing","https://properroof.com/storm-restoration-greater-houston/","Greater Houston, TX","Website free inspection CTA","Not captured","Storm restoration page","Storm restoration page appears relevant but may mix roofing, exterior remodeling, financing, and service-area content.","Offer a lean storm inspection page with one CTA and proof sections for homeowners after storms.","","","","","Not contacted","Source notes: page offers storm restoration and free inspection / quote.","","","","",""
"11","Sixth Gen Roofing","https://sixthgenroofing.com/austin-roofing-companies/","Austin, TX","Call 512-645-2416 / online scheduling","Not captured","Austin roofing companies page","Page is broad and educational; free inspection CTA may compete with general roofing content.","Offer a dedicated Austin hail/wind inspection landing page for post-storm homeowners.","","","","","Not contacted","Source notes: page mentions free evidence-based inspections and HAAG-certified inspectors.","","","","",""
"12","Sugar Roofing","https://www.sugarroofs.com/service-areas/houston-tx","Houston, TX","Website estimator / inspection CTA","Not captured","Houston service-area page","Service page has multiple offers including financing and estimator; storm inspection CTA may need sharper focus.","Offer a storm damage inspection landing page that separates emergency/inspection leads from general roofing traffic.","","","","","Not contacted","Source notes: page mentions free roof inspections, storm damage repairs, insurance claim help, and $99/month financing.","","","","",""
"13","Phoenix Storm Restoration","https://www.phoenixstormgroup.com/service-areas/tarrant-county/fort-worth","Fort Worth, TX","Call (945) 308-0425 / schedule inspection CTA","BBB Accredited noted","Fort Worth service-area page","Strong emergency/storm positioning; page may be location template rather than campaign landing page.","Offer a tighter Fort Worth storm inspection page for emergency roofing response traffic.","","","","","Not contacted","Source notes: page mentions 24/7 emergency roofing response, storm damage repair, and free inspections.","","","","",""
"14","Dynasty Roofing","https://dynastyroofs.com/houston-residents-are-getting-post-storm-roof-inspections/","Houston, TX","Website contact / inspection CTA","A+ BBB noted","Post-storm roof inspections article","Article content may educate but not convert as directly as a landing page.","Offer to turn post-storm inspection content into a focused booking page.","","","","","Not contacted","Source notes: page mentions free roof inspections and estimates, insurance claim assistance, and A+ BBB.","","","","",""
"15","Matthew Lorand Roofing","https://matthewlorandroofing.com/storm-damage-roof-repair-austin/","Austin, TX","Website contact / claim CTA","Not captured","Storm damage roof repair page","Storm damage content exists; CTA flow and homeowner trust proof should be visually reviewed.","Offer conversion audit for storm damage repair page to increase inspection and claim-help inquiries.","","","","","Not contacted","Source notes: page mentions storm damage roof inspection service and insurance paperwork support.","","","","",""
"16","Texas Direct Roofing & Construction","https://txdroofing.com/","Dallas-Fort Worth, TX","Website contact / call","Not captured","Homepage","Homepage is broad; storm damage message may not be a single-service landing path.","Offer a DFW storm damage inspection landing page using their insurance-claims experience as proof.","","","","","Not contacted","Source notes: site says storm damage roofing contractor DFW and mentions roof inspections, repairs, and replacements.","","","","",""
"17","Rescue Roofing Texas","https://rescueroofingtexas.com/roofing-contractor-in-dallas-county-texas/","Dallas County / DFW, TX","Website contact / free inspection CTA","Not captured","Dallas County roofing contractor page","Location page mentions many services; could use a narrower storm inspection conversion page.","Offer a Dallas County storm-damage inspection landing page with one request-inspection CTA.","","","","","Not contacted","Source notes: page mentions free roof inspections and storm, tornado, and hail damage.","","","","",""
"18","LOA Construction","https://www.loaconstruction.com/blog/after-the-hail-surge-in-austin-roof-inspections-and-claims/","Austin, TX","Call 512-375-3654 / Request an Appointment","5.0 stars / 1,000+ reviews shown in footer","Hail storm inspection article","Hail inspection content is blog-style and asks storm visitors to read through many topics before taking action.","Prepared focused Austin hail inspection landing page outreach; build a light demo only after reply or if a demo link is needed.","","","","","Not contacted","Source reviewed 2026-06-23. Page tells homeowners to call for a free inspection after hail and includes a request appointment path.","","","","",""
"19","Rhino Roofers","https://rhinoroofers.com/","San Antonio, TX","Website assessment CTA","Not captured","Homepage","Homepage has strong inspection process but may not isolate hail/storm inspection traffic.","Offer a San Antonio storm damage inspection page around their free 37-point inspection.","","","","","Not contacted","Source notes: site mentions free 37-point roofing inspection.","","","","",""
"20","Rivertop Roofing","https://www.rivertoproofing.com/plano-tx-roof-inspection","Plano, TX","Website contact CTA","Not captured","Plano roof inspection page","Inspection page is specific but may be optimized for general inspection rather than storm lead capture.","Offer a storm/hail variant of the Plano inspection landing page with tighter CTA and proof.","","","","","Not contacted","Source notes: page offers free roof damage inspection with weather report and photo presentation.","","","","",""
"21","Final Cut Roofing","https://finalcutroofing.com/free-roof-inspection/","Frisco / DFW, TX","Call 972-777-0350 / request estimate CTA","Not captured","Free roof inspection page","Dedicated free inspection page exists; could review whether CTA, proof, and trust are strongest above fold.","Offer a conversion-focused update for hail-damage inspection traffic in Frisco and DFW.","","","","","Not contacted","Source notes: page mentions roof hail damage, free emergency repairs, photos, and claim guidance.","","","","",""
"22","Texas Star Roofing & Construction","https://tsrcinc.com/","San Antonio, TX","Website roof inspection / emergency repair CTA","Not captured","Homepage","Homepage covers multiple services; storm inspection and emergency repair may need separate campaign pages.","Offer a dedicated San Antonio storm wear / emergency inspection landing page.","","","","","Not contacted","Source notes: site mentions free detailed inspections, storm wear, and emergency roof repair.","","","","",""
"23","Invictus Roofing","https://www.invictusroofing.com/service-areas/frisco/","Frisco, TX","Call 469-649-0288 / free inspection CTA","Reviews referenced on page","Frisco service-area page","Service-area page includes free inspection but may be generic for all roofing services.","Offer a Frisco storm-damage inspection landing page that highlights reviews and simplifies the form flow.","","","","","Not contacted","Source notes: page says request your free roof inspection and asks visitors to read reviews.","","","","",""
"24","Ripple Roofing","https://rippleroofs.com/locations/waco","Waco, TX","Website free inspection / emergency CTA","Not captured","Waco location page","Location page includes storm/emergency messaging but may be broad rather than a tight lead-capture page.","Offer a Waco storm damage emergency inspection landing page.","","","","","Not contacted","Source notes: page mentions 24/7 emergency response when storm damage strikes.","","","","",""
"25","Charger Roofing","https://charger-roofing.com/roof-hail-damage-in-san-antonio-texas/","San Antonio, TX","Website contact form sent; Sales@Charger-Roofing.com had delivery issue","Not captured","Hail damage page","Live page reviewed 2026-06-16. The free inspection offer is present, but the page is educational/basic and trust proof is not prominent near the form.","Sent focused hail inspection landing page demo: https://roof-check-preview.vercel.app/charger-roofing","2026-06-23 4:53 PM ET via contact form","2026-06-30 4:53 PM ET","Optional only if still worth pursuing","Email bounced / forwarding blocked; contact form sent","Contact form sent","Initial email produced Gmail 550 5.7.520 forwarding-blocked bounce. Short contact-form message sent afterward through https://charger-roofing.com/contact/. Source notes: page says FREE INSPECTION, offers a free roof checkup, form asks name/email/phone/address/message, and footer lists phone/email.","","","","",""
"26","On Point Roofing","https://onpointroofingdfw.com/2025/08/free-roof-inspection-near-me-plano/","Plano / DFW, TX","Website contact / inspection CTA","Not captured","Free roof inspection article","Inspection content is blog-style; may benefit from a dedicated landing page for Plano hail searches.","Offer a Plano post-hail inspection landing page based on their existing educational content.","","","","","Not contacted","Source notes: page says they specialize in post-storm inspections and documentation for insurance.","","","","",""
"27","Pappas Roofing and Construction","https://www.pappasroofingandconstruction.com/","Plano, TX","Call 972-806-9791 / schedule CTA","Not captured","Homepage","Homepage has inspection CTA; needs review for dedicated storm/hail path and trust proof placement.","Offer a storm inspection landing page for Plano roofers focused on calls and scheduled inspections.","","","","","Not contacted","Source notes: site says schedule your hassle-free roof inspection.","","","","",""
"28","Integrity First Roofing & Construction","https://constructionwithintegrity.com/storm-damage-repair-frisco/","Frisco, TX","Website schedule CTA","5-star Google/Facebook ratings noted","Storm damage repair page","Dedicated storm page exists; could test CTA clarity and proof placement above fold.","Offer conversion optimization for their Frisco storm damage repair page.","","","","","Not contacted","Source notes: page mentions free inspection, 5-star ratings, and BBB accreditation.","","","","",""
"29","StormVets Roofing","https://stormvets.com/free-roof-inspection-frisco-tx/","Frisco, TX","Website contact / inspection CTA","Not captured","Free roof inspection page","Inspection page is relevant; should review whether the CTA and proof are strong enough for paid/search traffic.","Offer a conversion audit for the free roof inspection page to improve Frisco inspection requests.","","","","","Not contacted","Source notes: page offers free roof inspections in Frisco and Collin/Denton County.","","","","",""
"30","Cloud Roofing","https://www.cloudroofing.com/emergency-roof-repair","San Antonio, TX","Call 210-864-9221 / free quote CTA","Not captured","Emergency roof repair page","Emergency repair page has free quote language but may not be framed around storm inspection lead capture.","Offer a storm/emergency inspection landing page that separates urgent repair traffic from general quote requests.","","","","","Not contacted","Source notes: page mentions free inspections and quotes for repair or replacement.","","","","",""
"","","","","","","","","","","","","","","","","","","",""
"","","","","","","","","","","","","","","","","","","",""
"","","","","","","","","","","","","","","","","","","",""
"","","","","","","","","","","","","","","","","","","",""
"","","","","","","","","","","","","","","","","","","",""
"","","","","","","","","","","","","","","","","","","",""
"","","","","","","","","","","","","","","","","","","",""
"","","","","","","","","","","","","","","","","","","",""
"","","","","","","","","","","","","","","","","","","",""
"","","","","","","","","","","","","","","","","","","",""
"","","","","","","","","","","","","","","","","","","",""
"","","","","","","","","","","","","","","","","","","",""
"","","","","","","","","","","","","","","","","","","",""
"","","","","","","","","","","","","","","","","","","",""
"","","","","","","","","","","","","","","","","","","",""
"","","","","","","","","","","","","","","","","","","",""
"","","","","","","","","","","","","","","","","","","",""
"","","","","","","","","","","","","","","","","","","",""
"","","","","","","","","","","","","","","","","","","",""
"","","","","","","","","","","","","","","","","","","",""
"","","","","","","","","","","","","","","","","","","",""
"","","","","","","","","","","","","","","","","","","",""
"","","","","","","","","","","","","","","","","","","",""
"","","","","","","","","","","","","","","","","","","",""
"","","","","","","","","","","","","","","","","","","",""
"","","","","","","","","","","","","","","","","","","",""
"","","","","","","","","","","","","","","","","","","",""
"","","","","","","","","","","","","","","","","","","",""
"","","","","","","","","","","","","","","","","","","",""
"","","","","","","","","","","","","","","","","","","",""
"","","","","","","","","","","","","","","","","","","",""
"","","","","","","","","","","","","","","","","","","",""
"","","","","","","","","","","","","","","","","","","",""
"","","","","","","","","","","","","","","","","","","",""
"","","","","","","","","","","","","","","","","","","",""
"","","","","","","","","","","","","","","","","","","",""
"","","","","","","","","","","","","","","","","","","",""
"","","","","","","","","","","","","","","","","","","",""
"","","","","","","","","","","","","","","","","","","",""
"","","","","","","","","","","","","","","","","","","",""
"","","","","","","","","","","","","","","","","","","",""
"","","","","","","","","","","","","","","","","","","",""
"","","","","","","","","","","","","","","","","","","",""
"","","","","","","","","","","","","","","","","","","",""
"","","","","","","","","","","","","","","","","","","",""
"","","","","","","","","","","","","","","","","","","",""
"","","","","","","","","","","","","","","","","","","",""
"","","","","","","","","","","","","","","","","","","",""
"","","","","","","","","","","","","","","","","","","",""
"","","","","","","","","","","","","","","","","","","",""
"","","","","","","","","","","","","","","","","","","",""
"","","","","","","","","","","","","","","","","","","",""
"","","","","","","","","","","","","","","","","","","",""
"","","","","","","","","","","","","","","","","","","",""
"","","","","","","","","","","","","","","","","","","",""
"","","","","","","","","","","","","","","","","","","",""
"","","","","","","","","","","","","","","","","","","",""
"","","","","","","","","","","","","","","","","","","",""
"","","","","","","","","","","","","","","","","","","",""
"","","","","","","","","","","","","","","","","","","",""
"","","","","","","","","","","","","","","","","","","",""
"","","","","","","","","","","","","","","","","","","",""
"","","","","","","","","","","","","","","","","","","",""
"","","","","","","","","","","","","","","","","","","",""
"","","","","","","","","","","","","","","","","","","",""
"","","","","","","","","","","","","","","","","","","",""
"","","","","","","","","","","","","","","","","","","",""
"","","","","","","","","","","","","","","","","","","",""
"","","","","","","","","","","","","","","","","","","",""
"","","","","","","","","","","","","","","","","","","",""
"","","","","","","","","","","","","","","","","","","",""
"","","","","","","","","","","","","","","","","","","",""
"","","","","","","","","","","","","","","","","","","",""
"","","","","","","","","","","","","","","","","","","",""
"","","","","","","","","","","","","","","","","","","",""
"","","","","","","","","","","","","","","","","","","",""
"","","","","","","","","","","","","","","","","","","",""
"","","","","","","","","","","","","","","","","","","",""
"","","","","","","","","","","","","","","","","","","",""
"","","","","","","","","","","","","","","","","","","",""
"","","","","","","","","","","","","","","","","","","",""
"","","","","","","","","","","","","","","","","","","",""
"","","","","","","","","","","","","","","","","","","",""
"","","","","","","","","","","","","","","","","","","",""
"","","","","","","","","","","","","","","","","","","",""
"","","","","","","","","","","","","","","","","","","",""
"","","","","","","","","","","","","","","","","","","",""
"","","","","","","","","","","","","","","","","","","",""
"","","","","","","","","","","","","","","","","","","",""
"","","","","","","","","","","","","","","","","","","",""
"","","","","","","","","","","","","","","","","","","",""
"","","","","","","","","","","","","","","","","","","",""
"","","","","","","","","","","","","","","","","","","",""
"","","","","","","","","","","","","","","","","","","",""
"","","","","","","","","","","","","","","","","","","",""
"","","","","","","","","","","","","","","","","","","",""
"","","","","","","","","","","","","","","","","","","",""
"","","","","","","","","","","","","","","","","","","",""
"","","","","","","","","","","","","","","","","","","",""
"","","","","","","","","","","","","","","","","","","",""
"","","","","","","","","","","","","","","","","","","",""
"","","","","","","","","","","","","","","","","","","",""
"","","","","","","","","","","","","","","","","","","",""
"","","","","","","","","","","","","","","","","","","",""
"","","","","","","","","","","","","","","","","","","",""
"","","","","","","","","","","","","","","","","","","",""
"","","","","","","","","","","","","","","","","","","",""
"","","","","","","","","","","","","","","","","","","",""
"","","","","","","","","","","","","","","","","","","",""
"","","","","","","","","","","","","","","","","","","",""
"","","","","","","","","","","","","","","","","","","",""
"","","","","","","","","","","","","","","","","","","",""
"","","","","","","","","","","","","","","","","","","",""
"","","","","","","","","","","","","","","","","","","",""
"","","","","","","","","","","","","","","","","","","",""
"","","","","","","","","","","","","","","","","","","",""
"","","","","","","","","","","","","","","","","","","",""
"","","","","","","","","","","","","","","","","","","",""
"","","","","","","","","","","","","","","","","","","",""
"","","","","","","","","","","","","","","","","","","",""
"","","","","","","","","","","","","","","","","","","",""
"","","","","","","","","","","","","","","","","","","",""
"","","","","","","","","","","","","","","","","","","",""
"","","","","","","","","","","","","","","","","","","",""
"","","","","","","","","","","","","","","","","","","",""
"","","","","","","","","","","","","","","","","","","",""
"","","","","","","","","","","","","","","","","","","",""
"","","","","","","","","","","","","","","","","","","",""
"","","","","","","","","","","","","","","","","","","",""
"","","","","","","","","","","","","","","","","","","",""
"","","","","","","","","","","","","","","","","","","",""
"","","","","","","","","","","","","","","","","","","",""
"","","","","","","","","","","","","","","","","","","",""
"","","","","","","","","","","","","","","","","","","",""
"","","","","","","","","","","","","","","","","","","",""
"","","","","","","","","","","","","","","","","","","",""
"","","","","","","","","","","","","","","","","","","",""
"","","","","","","","","","","","","","","","","","","",""
"","","","","","","","","","","","","","","","","","","",""
"","","","","","","","","","","","","","","","","","","",""
"","","","","","","","","","","","","","","","","","","",""
"","","","","","","","","","","","","","","","","","","",""
"","","","","","","","","","","","","","","","","","","",""
"","","","","","","","","","","","","","","","","","","",""
"","","","","","","","","","","","","","","","","","","",""
"","","","","","","","","","","","","","","","","","","",""
"","","","","","","","","","","","","","","","","","","",""
"","","","","","","","","","","","","","","","","","","",""
"","","","","","","","","","","","","","","","","","","",""
"","","","","","","","","","","","","","","","","","","",""
"","","","","","","","","","","","","","","","","","","",""
"","","","","","","","","","","","","","","","","","","",""
"","","","","","","","","","","","","","","","","","","",""
"","","","","","","","","","","","","","","","","","","",""
"","","","","","","","","","","","","","","","","","","",""
"","","","","","","","","","","","","","","","","","","",""
"","","","","","","","","","","","","","","","","","","",""
"","","","","","","","","","","","","","","","","","","",""
"","","","","","","","","","","","","","","","","","","",""
"","","","","","","","","","","","","","","","","","","",""
"","","","","","","","","","","","","","","","","","","",""
"","","","","","","","","","","","","","","","","","","",""
"","","","","","","","","","","","","","","","","","","",""
"","","","","","","","","","","","","","","","","","","",""
"","","","","","","","","","","","","","","","","","","",""
"","","","","","","","","","","","","","","","","","","",""
"","","","","","","","","","","","","","","","","","","",""
"","","","","","","","","","","","","","","","","","","",""
"","","","","","","","","","","","","","","","","","","",""
